KentoBento,Japan
Wesley,USA
James,USA
Blank,USA
Black,USA
Team Lawrence,USA
Team Mahz,Japan
Team Lawrence [Jubs],USA
Team Mahz [BigDQ],Canada
Team Mahz [Harriet Tubman],Canada
Team Mahz [JirachiNick],Canada
Team Lawrence [Gavindorf],USA
Team Lawrence [FAT],USA
Team Lawrence [GrandmaDan],USA
Team Mahz [Pawl],Canada
Team Lawrence [Lefty],USA
Team Lawrence [PinkDeaf1],USA
Team Mahz [Pastabilities],Canada
Team Mahz [Mahz],Canada
Team Mahz [Frodo],Canada
Team Lawrence [ShaqFu],USA
Team Mahz [Ryan],Canada
Team Lawrence [Maybe9],USA
Team Mahz [AccelZero],Canada
Team Lawrence [Air],USA
Team Mahz [TMH Supra],Canada
Team Lawrence [KentoBento],USA
Team Lawrence [???],USA
Team Mahz [E102y],Canada
PinkDeaf1,USA
Mahz,Canada
I don't,Canada
know????,USA
Avocado ,USA
Big DQ,Japan
Brian F,
Flamenco ,
GR,
Maybe,
Rix,
J@m,
Jubbs,
Maybe?,
Nick,
Frodo,
Pawl,
Jozu,
Ryan Dang,
BigDQ,
Jam,
Shaqfu,
Pastabilities,
ShaqFu,
